"","Date","Tokyo","Osaka","Taiwan2Japan","NTD2JPY","TaiwanGDP","TaiwanPopulation","NaturalDisaster","Taiwan2Others","Youth","Workeage","Elder","Marriage","Taipei_t","Tainan_t","Kao_t","Taichung","Growth4Japan","Growth4Others"
"1","2002_1","160,637","55,277",56251,0.263998190863863,864540.333333333,22417770,0,1499627,0.207845240977678,0.703837776373004,0.0883169826493181,17678,16.1,18.1,19.9,17.1,0.332900748431139,0.0601436223807654
"2","2002_2","171,753","66,871",74977,0.262627321749551,864540.333333333,22417770,0,1589820,0.207486216646456,0.703989729991709,0.0885240533618342,13013,17.8,19.2,20.8,18.7,-0.219707376928925,0.0624611591249324
"3","2002_3","183,700","71,800",58504,0.266905487804878,864540.333333333,22417770,0,1689122,0.207126919284607,0.7042109994609,0.0886620812544929,13575,21.1,23,24,22,0.256273075345276,0.0316312261636519
"4","2002_4","180,675","78,005",73497,0.266369115739681,866033.666666667,22443730,0,1742551,0.206841088419186,0.704416870706829,0.0887420408739848,13716,23.8,25.7,26.8,25.1,-0.0994326299032614,-0.00858913168108136
"5","2002_5","169,093","73,888",66189,0.27244623655914,866033.666666667,22443730,0,1727584,0.206561263339623,0.704602563244201,0.088836173416176,13996,26.6,27,27.6,26.9,0.017434921210473,-0.0381370746661233
"6","2002_6","169,732","68,957",67343,0.274983818770227,866033.666666667,22443730,0,1661699,0.206163351840598,0.704861425284965,0.0889752228744373,13722,28.6,28.9,29.1,28.5,0.372451479738057,0.115694238246518
"7","2002_7","230,227","81,543",92425,0.282916913695266,891117.333333333,22470926,5,1853948,0.205808598285784,0.70508959381455,0.0891018078996666,14554,29.6,29.1,29.3,28.5,-0.19770624830944,0.0124296905846334
"8","2002_8","228,530","80,584",74152,0.285513822367868,891117.333333333,22470926,0,1876992,0.205398569158489,0.705299995528481,0.0893014353130297,10315,30.1,29,29,28.6,-0.270983924910994,-0.170556933647027
"9","2002_9","193,698","68,169",54058,0.28735565340201,891117.333333333,22470926,1,1556858,0.205032306006076,0.705432272845254,0.0895354211486702,8823,27.1,28.2,28.1,27.3,0.323189907136779,0.0307202069809835
"10","2002_10","197,897","75,616",71529,0.282181495236557,938603,22502570,3,1604685,0.204669837708759,0.705563385243386,0.0897667770478548,14179,25.1,26.8,27.2,25.6,-0.186022452431881,-0.0905392647155049
"11","2002_11","195,002","79,237",58223,0.283231334149327,938603,22502570,0,1459398,0.204375677240666,0.705591639267516,0.0900326834918177,15858,20.8,23,24.2,21.8,-0.135874139085928,0.0665212642473129
"12","2002_12","199,489","71,491",50312,0.285008587552139,938603,22502570,0,1556479,0.204206640126433,0.705596645515234,0.0901967143583329,23226,18.9,20.3,21.6,19.3,0.324534902210208,0.0187307377741685
"13","2003_1","206,218","76,182",66640,0.291672987779182,888382,22530466,0,1585633,0.203925992445272,0.705583679961976,0.0904903275927526,19285,16.2,17.4,19.2,16.4,-0.051530612244898,-0.0358746317716647
"14","2003_2","191,195","75,420",63206,0.291665967971829,888382,22530466,0,1528749,0.203628471545003,0.7057211582647,0.0906503701902964,11791,17.6,20,21.4,18.8,-0.144669809828181,-0.0701724089435218
"15","2003_3","199,368","78,179",54062,0.292922220347562,888382,22530466,0,1421473,0.20316741388868,0.70602424872411,0.0908083373872096,13346,18.2,21.1,22.7,19.7,-0.187044504457845,-0.50881444811122
"16","2003_4","120,861","46,912",43950,0.290708740295517,860725.333333333,22547204,0,698207,0.202723532118196,0.706401860882754,0.0908746069990507,15297,23.6,25.5,26.1,24.3,-0.64835039817975,-0.471036526416951
"17","2003_5","51,016","13,023",15455,0.296060037523452,860725.333333333,22547204,0,369326,0.202251405498674,0.70678250119782,0.0909660933035059,14285,25.1,27.8,28,26.6,0.81533484309285,0.775293372251074
"18","2003_6","67,477","9,019",28056,0.292770167427702,860725.333333333,22547204,0,655662,0.201719294361024,0.707208835513196,0.0910718701257807,10958,27.4,28.1,27.8,27.6,1.91777159965783,1.37984357794107
"19","2003_7","178,915","47,318",81861,0.289965456230516,921184.666666667,22564109,4,1560373,0.201193333840403,0.707620310734508,0.0911863554250885,11773,30.8,30.4,30.5,29.8,0.0737347454831971,0.139706339445761
"20","2003_8","202,576","56,879",87897,0.288942186316587,921184.666666667,22564109,4,1778367,0.200567832885626,0.708018800557606,0.0914133665567682,7712,30.1,29.4,29.2,28.8,-0.154544523703881,-0.133874503969091
"21","2003_9","186,893","52,988",74313,0.295129785571664,921184.666666667,22564109,5,1540289,0.200022149409729,0.708327314231239,0.0916505363590313,13179,28.4,29,28.6,28.6,0.226191917968592,0.0298236240082218
"22","2003_10","198,105","66,003",91122,0.309326519437854,984996.666666667,22589258,0,1586226,0.199399440699485,0.708670468632586,0.0919300906679296,16322,24.4,26.2,26.5,25.1,-0.258587388336516,-0.0620119705514851
"23","2003_11","181,050","65,644",67559,0.311813186813187,984996.666666667,22589258,0,1487861,0.198722463546269,0.709054286557886,0.0922232498958446,15617,22.3,24,24.7,23.5,-0.153199425687177,0.0157790277451993
"24","2003_12","180,594","55,406",57209,0.315527144710024,984996.666666667,22589258,0,1511338,0.198261854361179,0.709379129423059,0.0923590162157619,21918,17.4,18.8,20.3,17.8,0.680277578702652,0.0835623798250292
"25","2004_1","209,138","59,789",96127,0.316280161487184,940740,22613014,0,1637629,0.197748982615062,0.709549365310574,0.092701652074364,22225,15.4,17.6,19.1,16.3,-0.364892277923996,-0.172839513711592
"26","2004_2","175,342","50,739",61051,0.31184420459878,940740,22613014,0,1354582,0.197467703944248,0.709680143661144,0.0928521523946081,13911,17.8,18.6,20,17.6,0.362172609785262,0.120659362076271
"27","2004_3","204,730","65,618",83162,0.306628613515006,940740,22613014,0,1518025,0.197166206381387,0.709810473038057,0.0930233205805562,10280,17.6,20.8,22.5,19.4,0.119092854909694,0.0541894896329112
"28","2004_4","199,338","80,380",93066,0.307748251748252,945338,22630864,0,1600286,0.196884161373153,0.709924902953777,0.0931909356730703,6958,21.9,24.9,25.8,23.3,-0.0506199901145424,-0.0291354170442033
"29","2004_5","198,660","67,502",88355,0.29776039815144,945338,22630864,0,1553661,0.196504335040409,0.710153967312991,0.0933416976466002,9985,25.8,28.4,28.7,27.4,0.10017542866844,0.127307050894629
"30","2004_6","213,324","68,138",97206,0.307326208093542,945338,22630864,5,1751453,0.196100396417884,0.710460661874317,0.0934389417077992,8975,27.2,29.2,28.8,28.4,0.273532497993951,0.0894314606215525
"31","2004_7","253,157","84,381",123795,0.309903072421361,988273,22649796,8,1908088,0.195629739004802,0.710801310186355,0.0935689508088431,9549,29.7,29,28.9,28.1,-0.219386889615897,-0.0201264302275367
"32","2004_8","231,448","76,573",96636,0.309160927872418,988273,22649796,15,1869685,0.195159745174749,0.711074404724856,0.0937658501003945,7511,29.4,29.4,29.1,28.3,-0.156887702305559,-0.136351310514873
"33","2004_9","203,715","67,370",81475,0.308335605854013,988273,22649796,11,1614751,0.194659721127812,0.711317862244979,0.0940224166272091,6024,27.3,28.2,28.1,27.2,0.115495550782449,0.039297080478662
"34","2004_10","214,697","71,569",90885,0.31039294895336,1008864,22674232,7,1678206,0.194157217263211,0.711540896320558,0.0943018864162309,10212,23,25,25.8,23.6,-0.174660284975519,-0.0692966179360579
"35","2004_11","200,206","81,688",75011,0.312430886558627,1008864,22674232,0,1561912,0.193758262070449,0.711667961553759,0.0945737763757918,12303,22.5,23.8,24.4,22.4,-0.133393768913893,0.0706966845763398
"36","2004_12","196,578","69,057",65005,0.310342835130971,1008864,22674232,0,1672334,0.193356181874292,0.711863817383502,0.0947800007422059,13520,19.5,20.4,21.1,19.3,0.19553880470733,-0.0670374458690668
"37","2005_1","205,247","74,438",77716,0.307283047912257,967063,22696209,0,1560225,0.19290018848406,0.711993677925908,0.0951061335900325,14923,15.5,17.5,18.6,16.1,0.238239230016985,0.0837077985546956
"38","2005_2","207,326","78,595",96231,0.300495804729214,967063,22696209,0,1690828,0.192403390294449,0.712191773743794,0.0954048359617573,10377,16.2,18.9,20.5,16.9,-0.0947199966746683,-0.0117191104003482
"39","2005_3","224,694","85,690",87116,0.295926312790808,967063,22696209,0,1671013,0.191975481972991,0.712456495852254,0.0955680221747548,13920,17.3,19.4,20.5,17.5,0.258735479131273,0.0415963251033954
"40","2005_4","227,797","98,774",109656,0.293619597615499,963028.333333333,22712927,0,1740521,0.191494820391505,0.712796213539731,0.0957089660687643,10830,23,25.6,26,23.8,-0.0286806011526957,0.0258635201758554
"41","2005_5","208,938","88,309",106511,0.292797680291834,963028.333333333,22712927,0,1785537,0.19104227465251,0.713135355753437,0.0958223695940529,12039,26.2,28.7,28.3,26.9,0.000300438452366422,0.0295524539676299
"42","2005_6","220,500","88,856",106543,0.288787627727147,963028.333333333,22712927,1,1838304,0.190514809533556,0.713535170048409,0.0959500204180348,10223,28.2,27.9,27.9,27.5,0.309452521517134,0.123982214040768
"43","2005_7","248,739","94,365",139513,0.285161693764517,1015873.33333333,22733699,9,2066221,0.189918277911588,0.713986944333154,0.0960947777552582,10817,29.8,29.5,29.2,28.8,-0.237992158436848,-0.0151847261256177
"44","2005_8","224,252","89,719",106310,0.290019869942197,1015873.33333333,22733699,3,2034846,0.189327212863401,0.71442315232025,0.0962496348163487,7276,29.3,29,28.8,27.9,-0.150738406546891,-0.149888492790118
"45","2005_9","206,995","79,831",90285,0.296452368089321,1015873.33333333,22733699,6,1729846,0.188753897092875,0.714711631944284,0.0965344709628413,8185,28.8,29.4,28.8,28.2,0.0776762474386664,0.0364200050177877
"46","2005_10","216,626","80,656",97298,0.291682633687511,1084786.66666667,22757611,0,1792847,0.188080130105873,0.715084908955468,0.0968349609386589,12225,25,26.7,27.3,25.7,-0.133702645480894,-0.125402781163144
"47","2005_11","193,823","85,722",84289,0.283590912929651,1084786.66666667,22757611,0,1568019,0.187565659221217,0.715272356822039,0.0971619839567437,14157,23.2,24.3,25.1,23.3,-0.0634839658792962,0.0496173834628279
"48","2005_12","188,746","72,999",78938,0.280672623061362,1084786.66666667,22757611,31,1645820,0.187043362423899,0.715601929049678,0.0973547085264222,16168,16.6,17.9,19.4,16.8,0.348273328434974,0.0415063615705241
"49","2006_1","199,480","72,490",106430,0.27810307492421,1012599.33333333,22780718,31,1714132,0.186518115417286,0.715757711158566,0.0977241734241479,16442,17.7,18.3,20.4,17.7,-0.174029878793573,0.00615121822590092
"50","2006_2","192,377","71,848",87908,0.274586478921028,1012599.33333333,22780718,28,1724676,0.186148699654856,0.715871470002704,0.09797983034244,11809,17.8,19.4,21.5,18.3,-0.00849752013468626,0.028133979947538
"51","2006_3","205,483","79,726",87161,0.276949961640099,1012599.33333333,22780718,31,1773198,0.185740745973464,0.716086997651534,0.0981722563750019,12407,18.7,21.2,22.7,19.7,0.330491848418444,0.0431091169739646
"52","2006_4","205,844","90,115",115967,0.275902997182136,1012706.33333333,22802844,0,1849639,0.185290995246194,0.71635912897458,0.0983498757792256,11333,23.1,25.8,26.3,24.1,-0.134055377823001,-0.0242220238651975
"53","2006_5","185,169","74,023",100421,0.284580234745991,1012706.33333333,22802844,0,1804837,0.184881270853662,0.716648687932423,0.0984700412139151,11930,25.5,27.8,28.2,26.1,0.0336782147160455,0.0551883632704782
"54","2006_6","204,211","73,637",103803,0.283593818213568,1012706.33333333,22802844,8,1904443,0.184449447275863,0.716977294750615,0.0985732579735219,12040,28,28.7,28.6,27.1,0.355452154562007,0.122600676418249
"55","2006_7","236,537","89,833",140700,0.282112907409008,1071971.66666667,22826840,10,2137929,0.183916177304864,0.717404928686986,0.0986788940081505,11322,30.3,29.2,29,28.8,-0.232700781805259,-0.0315370622691399
"56","2006_8","224,185","92,137",107959,0.282965136347946,1071971.66666667,22826840,0,2070505,0.183383903056446,0.717771935242432,0.0988441617011224,6124,29.9,29.3,29.1,28.8,-0.196157800646542,-0.143248627750235
"57","2006_9","207,430","82,891",86782,0.281232373301427,1071971.66666667,22826840,6,1773908,0.182849079972396,0.718047730809036,0.0991031892185675,4986,27,28.2,27.9,27.2,0.240245673065843,0.0858917147901695
"58","2006_10","216,424","90,151",107631,0.279841564132816,1116323.66666667,22857785,6,1926272,0.182306017318274,0.71825532749359,0.0994386551881366,11477,25.6,27.2,27.4,25.9,-0.170536369633284,-0.0881983437437703
"59","2006_11","201,521","96,452",89276,0.27971026842778,1116323.66666667,22857785,0,1756378,0.181764021554012,0.71847563075594,0.0997603476900486,13881,22.9,24.7,25.5,23.2,-0.0364711680630853,0.0517280448741672
"60","2006_12","194,828","83,331",86020,0.277665841372834,1116323.66666667,22857785,0,1847232,0.181217673469404,0.718809590284399,0.0999727362461968,18918,18.8,20,21.4,18.9,-0.00263892118112067,-0.0672671326611925
"61","2007_1","201,274","83,839",85793,0.271753192900979,1060049,22878491,4,1722974,0.180815585648469,0.718975450086125,0.100208964265406,15256,17.3,18,19.7,17.2,0.380065972748359,0.0588581139355556
"62","2007_2","199,282","87,918",118400,0.273715234537152,1060049,22878491,0,1824385,0.180417202890389,0.719213255118245,0.100369541991366,10986,18.7,20.9,22.1,19.3,-0.139273648648649,0.0205236285104295
"63","2007_3","222,933","106,719",101910,0.281480218281037,1060049,22878491,0,1861828,0.180067843059408,0.719459849878853,0.100472307061739,10932,19.7,22.4,23.5,20.7,0.116485133941713,0.0587519362690861
"64","2007_4","199,646","102,830",113781,0.278834020358375,1068241.33333333,22891176,0,1971214,0.179622475772387,0.719814197657682,0.100563326569931,11288,21.2,24.1,25,22.3,-0.0761111257591338,-0.0331714364853334
"65","2007_5","183,162","87,690",105121,0.275490764515862,1068241.33333333,22891176,0,1905826,0.179222253870104,0.720134541885413,0.100643204244483,14358,26.4,28,27.7,26.5,0.0503134483119453,0.0624033883470999
"66","2007_6","196,097","91,302",110410,0.268569564508237,1068241.33333333,22891176,0,2024756,0.178719168984124,0.720503851711498,0.100776979304378,11219,28,29.1,28.9,27.4,0.166262113938955,0.0671636483605926
"67","2007_7","221,215","89,023",128767,0.269668558269595,1154905.66666667,22913604,17,2160746,0.178167211172552,0.720906180236366,0.100926608591083,11136,30.4,30.5,30.2,29.8,-0.152422592745036,-0.0270573218693914
"68","2007_8","222,528","97,115",109140,0.282316655243317,1154905.66666667,22913604,0,2102282,0.177659449613333,0.721229393222151,0.101111157164516,7391,28.7,28.3,28.1,27.8,-0.0375022906358805,-0.106013845906496
"69","2007_9","207,852","95,574",105047,0.286767518692401,1154905.66666667,22913604,10,1879411,0.177019670529224,0.721610406942789,0.101369922527987,6059,27.5,28.6,28.2,27.6,0.108399097546812,-0.0123506779517625
"70","2007_10","208,526","93,227",116434,0.281251080006912,1185824.66666667,22941836,0,1856199,0.176467343771617,0.721935389832403,0.10159726639598,12302,24.8,26.4,26.8,25.4,-0.154448013466857,-0.0344230333062349
"71","2007_11","202,242","95,586",98451,0.29072925096664,1185824.66666667,22941836,0,1792303,0.176007250482899,0.722103347796122,0.101889401720979,11713,20.7,22.5,23.4,21.6,-0.110227422778844,0.049546867912401
"72","2007_12","197,218","89,615",87599,0.288792873051225,1185824.66666667,22941836,0,1881106,0.175563280652451,0.722378384170298,0.102058335177251,12401,19.3,20.5,21.8,19.6,0.195824153243758,-0.0236982923875635
"73","2008_1","213,882","87,793",104753,0.300650195058518,1115165.66666667,22968580,0,1836527,0.175143847817376,0.722500799970949,0.102355352211675,17979,16.5,18.7,20.5,17.9,0.0506429410136225,-0.0196593897067672
"74","2008_2","202,873","87,041",110058,0.29501679731243,1115165.66666667,22968580,0,1800422,0.174755639315385,0.722727744018771,0.102516616665844,12249,14.1,15.8,17.8,15,-0.161660215522724,0.0346463218067764
"75","2008_3","213,220","93,017",92266,0.303641234249429,1115165.66666667,22968580,0,1862800,0.174262058941285,0.723055207408568,0.102682733650147,10232,19.3,21.8,23.1,20.3,0.402791927687339,-0.00891990551857419
"76","2008_4","200,716","102,824",129430,0.296126451361108,1106980.66666667,22986531,0,1846184,0.173820575526058,0.723399386841377,0.102780037632565,10056,22.5,25.7,26.3,24.3,-0.0385536583481419,-0.0134071143504656
"77","2008_5","185,883","84,052",124440,0.293854426733244,1106980.66666667,22986531,0,1821432,0.173332426210265,0.723794554373183,0.102873019416552,16189,24.9,27.3,27.6,25.8,-0.0381549341047895,-0.00528320574141664
"78","2008_6","200,693","87,136",119692,0.284059869036483,1106980.66666667,22986531,0,1811809,0.172802023391749,0.72423089725602,0.102967079352231,12417,27.5,27.9,28,27.5,0.202586639040203,0.0453325930051126
"79","2008_7","230,150","95,471",143940,0.284683082108417,1082804.33333333,23001000,3,1893943,0.17226932753331,0.724638857550644,0.103091814916046,9270,29.6,28.9,28.7,28.1,-0.229713769626233,-0.0433038375494933
"80","2008_8","205,242","89,755",110875,0.285422767203514,1082804.33333333,23001000,12,1811928,0.171622060479111,0.725069264088646,0.103308675432243,3999,29.7,29.2,28.7,28.7,-0.160207440811725,-0.167202559925118
"81","2008_9","198,620","81,972",93112,0.29936299765808,1082804.33333333,23001000,0,1508969,0.171043723248401,0.725415367882552,0.103540908869047,9899,27.8,28.6,28.3,27.6,0.256572729615946,0.0451699140273922
"82","2008_10","212,201","88,565",117002,0.325814811123293,1078699.33333333,23022384,0,1577129,0.17046590155819,0.725703879653412,0.103830218788398,14198,25.9,28,27.8,26.8,-0.218133023367122,-0.0974790267631881
"83","2008_11","190,173","83,361",91480,0.342532064542822,1078699.33333333,23022384,0,1423392,0.170035946317109,0.725847667102432,0.104116386580459,16330,21.6,22.9,23.9,21.9,-0.204208570179274,0.0483352442615948
"84","2008_12","178,442","69,271",72799,0.362965396408235,1078699.33333333,23022384,0,1492192,0.169518502623016,0.726205039182349,0.104276458194635,22048,18.4,19.4,20.8,18.1,0.454443055536477,-0.090637129806352
"85","2009_1","178,081","67,468",105882,0.368368700265252,1039122,23047791,0,1356944,0.168911832969086,0.726476586550559,0.104611580480355,15166,15.7,16.7,18.4,15.5,-0.393126310421035,-0.0396950795316535
"86","2009_2","179,641","66,264",64257,0.370562162162162,1039122,23047791,0,1303080,0.16862542277118,0.726706808552602,0.104667768676218,9137,20.2,22.4,23.4,21.3,0.248657733787759,0.161818921324861
"87","2009_3","210,582","75,858",80235,0.349837000814996,1039122,23047791,0,1513943,0.16833790502872,0.726865175824152,0.104796919147128,11634,18.6,21.6,23.1,19.9,0.202131239484016,0.123747723659345
"88","2009_4","190,010","72,740",96453,0.340353535353535,1036730.66666667,23063948,0,1701290,0.167702508731929,0.727369765455983,0.104927725812089,8597,21.3,23.9,24.8,22.5,-0.166620011819228,-0.0923804877475328
"89","2009_5","169,369","51,967",80382,0.341713395638629,1036730.66666667,23063948,0,1544124,0.167118912881644,0.727783824733848,0.105097262384508,9132,25.3,27.2,27.3,25.9,-0.0656117041128611,-0.0915813755890071
"90","2009_6","165,471","39,206",75108,0.339743058433485,1036730.66666667,23063948,0,1402711,0.166688130937398,0.728139788971035,0.105172080091567,8255,28.2,28.6,28.5,27.8,0.721507695585024,0.208511232891166
"91","2009_7","223,832","62,255",129299,0.348359788359788,1092269.33333333,23077893,8,1695192,0.166206667007263,0.728474622409634,0.105318710583103,6771,30.1,29.6,29.2,29.1,0.00819805257581265,0.0972131770324541
"92","2009_8","229,241","76,194",130359,0.346720792914382,1092269.33333333,23077893,4,1859987,0.165614777668867,0.72888938951678,0.105495832814353,6614,29.8,29.6,29.2,28.7,-0.327035340866377,-0.121126115397581
"93","2009_9","202,533","68,380",87727,0.35619193354465,1092269.33333333,23077893,0,1634694,0.165038517630327,0.729249779123599,0.105711703246074,6338,29,30,29.4,29.3,0.153886488766286,0.0954319279326895
"94","2009_10","199,971","67,475",101227,0.358068446118064,1152430,23103107,4,1790696,0.164418215581758,0.72960201097504,0.105979773443203,11321,24.3,26.5,26.8,25.7,-0.157685202564533,0.0353315135567399
"95","2009_11","193,271","73,872",85265,0.362563067608476,1152430,23103107,0,1853964,0.163872252975565,0.729933276187116,0.106194470837319,10188,21.5,23.1,23.9,22,-0.0891573330205829,0.0784610704414972
"96","2009_12","199,892","71,005",77663,0.360417597141581,1152430,23103107,0,1999428,0.163410694534531,0.730288603192108,0.106300702273362,13946,17.2,18.8,20.3,17.7,0.195318233908039,-0.0501568448576293
"97","2010_1","210,706","69,181",92832,0.34989030276437,1143773.66666667,23125433,0,1899143,0.16290011543594,0.730553169679588,0.106546714884473,14345,16.9,18.3,19.9,17.1,0.163230351602896,0.0375358780249829
"98","2010_2","196,851","61,705",107985,0.355494018608773,1143773.66666667,23125433,0,1970429,0.162370726714919,0.730943717410766,0.106685555874315,9034,17.6,20.2,21.5,18.5,-0.155040051859055,0.0376994045459136
"99","2010_3","232,275","80,888",91243,0.352154220061865,1143773.66666667,23125433,0,2044713,0.161895203136315,0.731348665625096,0.106756131238589,11425,20,22.8,23.7,21.1,0.237782624420503,0.0090257165675574
"100","2010_4","209,836","77,351",112939,0.337534804026558,1163456,23134737,0,2063168,0.161384388430176,0.731782684826063,0.106832926743761,12217,20.7,23.7,24.9,22,0.0992748297753655,-0.00466224757266495
"101","2010_5","209,999","71,233",124151,0.348283752860412,1163456,23134737,0,2053549,0.160833153416698,0.732265676682134,0.106901169901168,12501,25.5,27.6,27.8,26.6,0.0211677715040555,0.00856468484560144
"102","2010_6","210,951","72,229",126779,0.355334359876815,1163456,23134737,0,2071137,0.160283686226793,0.732774043266035,0.106942270507172,9224,26.2,28.1,28.3,27.1,0.308962840849037,0.0776814860629693
"103","2010_7","229,985","86,509",165949,0.366811081974689,1204643.66666667,23142236,7,2232026,0.159680604395557,0.733319966848814,0.106999428755629,9177,30.3,29.3,29.5,29.2,-0.204213342653466,-0.017034747803117
"104","2010_8","218,404","85,789",132060,0.373791973791974,1204643.66666667,23142236,0,2194004,0.159088045722147,0.733843392660711,0.107068561617143,5447,30,29.6,29.4,28.9,-0.113970922308042,-0.133776419733054
"105","2010_9","204,686","78,868",117009,0.376561203934115,1204643.66666667,23142236,0,1900498,0.158478343426471,0.734427499417828,0.107094157155701,15843,28.8,28.4,28.3,28.1,0.0280405780751908,0.0466298833253179
"106","2010_10","200,510","81,252",120290,0.378160498351044,1194531,23154107,4,1989118,0.157720536671475,0.735128271127678,0.107151192200847,12807,24.4,26.3,27,25.9,-0.191877961592817,0.0229287553579023
"107","2010_11","230,752","83,466",97209,0.372284190106693,1194531,23154107,0,2034726,0.157065122529179,0.735691412831045,0.107243464639776,10320,21.1,22.1,23.7,21.8,-0.0791901984384162,0.030889662785063
"108","2010_12","224,040","77,589",89511,0.36616325062927,1194531,23154107,0,2097578,0.156475768650395,0.736112099914157,0.107412131435447,16479,17.5,19.2,20.9,18.1,0.226240350348002,-0.0519379970613727
"109","2011_1","248,089","74,532",109762,0.358467497881612,1194095.33333333,23164001,0,1988634,0.155911245369449,0.736628276525744,0.107460478104807,18015,13.7,15.4,17.5,14.9,-0.0981669430221753,-0.0477835539370241
"110","2011_2","230,681","72,342",98987,0.356290909090909,1194095.33333333,23164001,0,1893610,0.155440121044063,0.737076418411189,0.107483460544747,8934,16.9,17.9,20.1,17.2,-0.515502035620839,0.0866255459149455
"111","2011_3","194,499","76,149",47959,0.361034356278274,1194095.33333333,23164001,0,2057645,0.155017176555967,0.737566044334689,0.107416779109343,11977,16.2,19.2,21.4,18.2,-0.0169936821034634,0.107438357928603
"112","2011_4","137,855","55,152",47144,0.348038392321536,1161098.66666667,23173178,0,2278715,0.154576322011249,0.737974066047682,0.107449611941069,9780,21.7,23.9,24.6,23.1,0.743466825046666,-0.0424063562139188
"113","2011_5","177,688","67,377",82194,0.35459020428255,1161098.66666667,23173178,0,2182083,0.154155415808253,0.738320150468653,0.107524433723095,14697,24.8,26.7,27.2,26,0.251977029953525,0.0463456247997899
"114","2011_6","200,447","73,673",102905,0.358626257607751,1161098.66666667,23173178,0,2283213,0.153743298725043,0.738681520660684,0.107575180614273,13387,29,29.1,29.3,29.1,0.335940916379185,0.0824233218714154
"115","2011_7","232,623","87,356",137475,0.363463476070529,1217344.33333333,23189212,4,2471403,0.153289203184499,0.739022527007197,0.107688269808304,11022,29.7,28.7,28.7,28.8,-0.140847426804874,-0.029469091038572
"116","2011_8","263,370","89,839",118112,0.375524475524476,1217344.33333333,23189212,2,2398573,0.152792761532279,0.739374176659996,0.107833061807725,5179,29.6,29.5,29.5,29.1,-0.148037455973991,-0.129530766835114
"117","2011_9","236,083","83,148",100627,0.387103071317022,1217344.33333333,23189212,14,2087884,0.152306107087838,0.739642089879764,0.108051803032398,13075,27.6,28.8,28.7,28.1,0.176950520238107,0.0428409815870997
"118","2011_10","237,448","89,185",118433,0.394411879640485,1198195,23211430,0,2177331,0.151720931214679,0.73987969716799,0.108399371617331,22064,24.1,26.2,27,26,-0.238092423564378,-0.0120744158788903
"119","2011_11","232,642","93,998",90235,0.389816963134829,1198195,23211430,0,2151041,0.151216776324575,0.740078752096739,0.108704471578686,18286,22.9,24.1,25.2,23.8,-0.0850446057516485,0.0434742991881605
"120","2011_12","239,142","84,833",82561,0.388800410994092,1198195,23211430,0,2244556,0.150777320491031,0.740363321936376,0.108859357572593,18911,16.7,18.4,20.1,17.8,0.62237618245903,0.0368041608228977
"121","2012_1","255,844","87,079",133945,0.390504027020005,1196453.66666667,23232090,0,2327165,0.150222599542171,0.740721403141197,0.109055997316632,14442,15.9,17.2,19.3,16.6,-0.325708313113591,-0.116708527328316
"122","2012_2","253,030","79,572",90318,0.377127184589871,1196453.66666667,23232090,0,2055565,0.149930513480609,0.740852792349213,0.109216694170178,9855,16.4,17.6,20.1,16.7,0.0436236409132177,0.123092677682292
"123","2012_3","278,046","100,267",94258,0.358437462089045,1196453.66666667,23232090,0,2308590,0.149606476417416,0.741018176648249,0.109375346934335,15151,18.8,21.4,23.6,19.8,0.522947654310509,0.0859537639858095
"124","2012_4","252,152","111,856",143550,0.362056694072892,1184443,23250508,3,2507022,0.149243248596323,0.741075958728016,0.109680792675661,10110,23.1,26.1,26.6,24.6,-0.0803901079763149,-0.048049438736477
"125","2012_5","241,366","92,240",132010,0.370333667837431,1184443,23250508,0,2386561,0.148915001949047,0.741316592288656,0.109768405762297,10630,25.9,27.6,28,26.9,0.0400121202939171,0.044594711804978
"126","2012_6","256,628","91,493",137292,0.377559253656077,1184443,23250508,0,2492989,0.148618373331977,0.74154516425615,0.109836462411873,10543,27.8,28.1,28.5,27.8,0.214011013023337,0.0914047354400681
"127","2012_7","269,854","107,632",166674,0.379931628260319,1255546.66666667,23272209,4,2720860,0.148189138457989,0.741851857964107,0.109959003577904,12306,30.6,29.3,29.5,29.1,-0.1482954749991,-0.0249586527789008
"128","2012_8","289,530","110,430",141957,0.381235697940503,1255546.66666667,23272209,2,2652951,0.147851598102992,0.741964418013905,0.110183983883103,8045,29.2,28,28.1,28,-0.122008777305804,-0.147177614663822
"129","2012_9","261,845","101,213",124637,0.378764231802482,1255546.66666667,23272209,5,2262496,0.147357712839636,0.742146626654074,0.110495660506291,7924,27.3,28.5,28.7,27.6,0.143207875670948,0.0681234353563498
"130","2012_10","255,771","108,804",142486,0.371470178548816,1259195.66666667,23299246,0,2416625,0.146973976921465,0.742193658144538,0.110832364933997,13797,24.1,25.6,26.6,24.9,-0.0671364204202518,-0.00622024517664098
"131","2012_11","259,734","116,735",132920,0.361245203614309,1259195.66666667,23299246,0,2401593,0.146635825816248,0.742194396649546,0.111169777534206,15280,21.2,23.6,24.9,22.3,-0.0952979235630454,0.0608808403422229
"132","2012_12","247,173","107,209",120253,0.348396745632927,1259195.66666667,23299246,0,2547804,0.146324543050637,0.742156677984589,0.111518778964773,15301,17.8,19.5,21.1,18.4,0.0671001970844802,-0.108413363037345
"133","2013_1","260,047","105,292",128322,0.327321668909825,1227419,23324264,0,2271588,0.146183954342145,0.742024555553974,0.111791490103881,17258,16.7,17.5,19.7,16.9,0.295787160424557,0.0777856724018616
"134","2013_2","254,155","116,527",166278,0.318396479553504,1227419,23324264,0,2448285,0.145932148012984,0.741908194927411,0.112159657059604,7774,18.8,20.4,22.3,19.4,-0.0537232826952453,0.0584617395442116
"135","2013_3","310,538","150,914",157345,0.314358054647115,1227419,23324264,0,2591416,0.145663093927601,0.741882392118702,0.112454513953697,13562,19.9,22.5,23.9,21,0.291499571006387,0.0111830751990418
"136","2013_4","279,448","149,047",203211,0.305834186284545,1235943.66666667,23338459,0,2620396,0.145407442197708,0.741937076344363,0.112655481457928,10335,21.1,23.9,25.1,22.2,0.0202941769884504,-0.0910064738306729
"137","2013_5","273,009","130,545",207335,0.295686584883261,1235943.66666667,23338459,0,2381923,0.145178074369404,0.741876696862435,0.112945228768161,16023,26,27.3,27.6,26.4,0.190025803651096,0.115227066534057
"138","2013_6","298,817","142,345",246734,0.309144148772218,1235943.66666667,23338459,0,2656385,0.144831869037521,0.742046347846466,0.113121783116013,8776,29.2,29.5,29.8,28.8,0.0294527710003486,0.0766327170195585
"139","2013_7","322,800","154,638",254001,0.30116290726817,1287669,23350401,10,2859951,0.144565220556783,0.742162519779677,0.11327225966354,11263,29.5,29.4,29.7,28.1,-0.158255282459518,0.0289697271037161
"140","2013_8","324,041","160,303",213804,0.306825380606928,1287669,23350401,6,2942803,0.14422793534709,0.742207704261798,0.113564360391111,5815,29.6,28.9,29,28.2,0.0178060279508335,-0.0980874356863168
"141","2013_9","307,301","147,310",217611,0.299979854955681,1287669,23350401,2,2654151,0.143942385762852,0.742129501106925,0.113928113130223,12758,27.9,28.6,28.6,27.8,0.000859331559525943,0.00752783093350755
"142","2013_10","304,447","154,478",217798,0.301492537313433,1325881.33333333,23365053,3,2674131,0.143642818565373,0.74201031310663,0.114346868327998,13222,24.2,25.7,26.6,24.9,-0.17125960752624,-0.0130648049777666
"143","2013_11","298,245","167,989",180498,0.296512676620904,1325881.33333333,23365053,0,2639194,0.143414863150759,0.741716208790739,0.114868928058502,15378,21.2,22.8,24.3,22.1,-0.151957362408448,0.0543431062665344
"144","2013_12","294,854","151,666",153070,0.2882990039648,1325881.33333333,23365053,0,2782616,0.143179180095148,0.741544800467983,0.11527601943687,15472,16.4,18,19.9,17.1,0.377369830796368,-0.0352603449415945
"145","2014_1","304,422","151,075",210834,0.291167981527804,1287419.33333333,23376556,0,2684500,0.142867836893699,0.741439584147417,0.115692578958884,16455,16.8,17.6,19.5,16.4,-0.0455761404707021,-0.0134095734773701
"146","2014_2","297,866","165,264",201225,0.297347298355521,1287419.33333333,23376556,6,2648502,0.142621651987121,0.741274150974572,0.116104197038307,9616,16.5,18.4,20.3,17,0.0925928686793391,0.0876672926809192
"147","2014_3","354,690","197,800",219857,0.297702160946514,1287419.33333333,23376556,0,2880689,0.14229083704362,0.741213684035745,0.116495478920635,13000,18.9,21.3,22.6,19.8,0.229594691094666,0.0451298283153787
"148","2014_4","321,076","195,121",270335,0.2951248049922,1308558.66666667,23385815,0,3010694,0.141998776202214,0.740743639339231,0.117257584458555,9707,22.5,25,25.9,24.1,0.0884347198845876,-0.0218175610008855
"149","2014_5","326,644","184,967",294242,0.296463306808134,1308558.66666667,23385815,0,2945008,0.141643843687934,0.740974374396109,0.117381781915957,18308,25.2,27.2,27.8,25.8,-0.078788888058129,0.0417496319195058
"150","2014_6","328,052","179,000",271059,0.294394904458599,1308558.66666667,23385815,0,3067961,0.141354433620058,0.741127407635659,0.117518158744284,12345,28,29,29.2,28.6,0.09814468436761,0.0522728287615129
"151","2014_7","355,249","187,488",297662,0.291885580852306,1364491.66666667,23401158,8,3228332,0.141105046985753,0.741240193769939,0.117654759244308,9975,30.5,30.4,30.3,30.1,-0.169658874831184,-0.0131721272781114
"152","2014_8","352,610","195,749",247161,0.291734654234654,1364491.66666667,23401158,17,3185808,0.140797162292325,0.741133050105487,0.118069787602188,5819,30.2,29,29.1,28.9,-0.0643912267712139,-0.119741679347908
"153","2014_9","315,973","179,403",231246,0.281191719507646,1364491.66666667,23401158,0,2804334,0.140551458589987,0.740909207408028,0.118539334001985,13837,29.7,29.5,29.5,29.2,0.168902381014158,0.0590361205191678
"154","2014_10","334,711","191,403",270304,0.281621321488062,1410152.66666667,23422017,3,2969891,0.140291955678915,0.740712562554672,0.118995481766414,12828,24.7,26.4,27.2,25.6,-0.106824168343791,-0.0386108446404262
"155","2014_11","346,287","206,448",241429,0.264977196454694,1410152.66666667,23422017,0,2855221,0.139988512084404,0.740535458106782,0.119476029808814,10580,22.3,23.9,25.2,23.1,-0.103289165758877,0.0823158697698007
"156","2014_12","326,509","185,811",216492,0.263607409269969,1410152.66666667,23422017,0,3090251,0.139853825377437,0.740289572907933,0.119856601714629,16817,16.5,17.9,20.2,17.1,0.0398351902148809,-0.0828515224167875
"157","2015_1","332,455","171,871",225116,0.267813371650748,1399623.66666667,23441520,0,2834219,0.139563873773169,0.740007136434133,0.120428989792698,16146,16.7,17.8,19.9,17.1,0.259950425558379,0.0703985824666337
"158","2015_2","343,757","199,830",283635,0.266244939271255,1399623.66666667,23441520,0,3033744,0.139220117571218,0.739953502445284,0.120826379983497,10812,17.3,18.9,20.8,18.1,0.00524265341019268,-0.00152517812973013
"159","2015_3","385,315","232,254",285122,0.261865603455436,1399623.66666667,23441520,0,3029117,0.13894554661726,0.739669653921674,0.121384799461067,13395,18.9,21.8,23.6,20.7,0.214795771634599,0.040051275668784
"160","2015_4","383,210","237,625",346365,0.260393140945211,1356247.33333333,23455425,0,3150437,0.138625803846747,0.739468097639699,0.121906098513554,9763,22.7,24.9,26.2,24.4,0.0170282794162228,0.00425909167521839
"161","2015_5","369,700","223,341",352263,0.254511558538404,1356247.33333333,23455425,0,3163855,0.138292915687285,0.739598564068152,0.122108520244563,18379,26.1,27.7,28.3,26.9,0.0125077002126252,-0.0258814010123726
"162","2015_6","385,298","227,337",356669,0.251418181818182,1356247.33333333,23455425,29,3081970,0.138027382831544,0.739723169326919,0.122249447841538,10714,30,30.4,30.6,29.7,0.0504473335221171,0.0655025843859609
"163","2015_7","392,403","248,994",374662,0.254324894514768,1403105.33333333,23465155,26,3283847,0.137708388494137,0.739908748331537,0.122382863174326,11552,30,29.1,29.5,29.2,-0.129014952143532,0.0317551335369766
"164","2015_8","400,137","249,666",326325,0.262817495739674,1403105.33333333,23465155,0,3388126,0.137288667723588,0.739894770096556,0.122816562179856,7239,28.6,28.4,28.8,28,-0.0395617865624761,-0.136349710725044
"165","2015_9","372,843","233,282",313415,0.273414248898495,1403105.33333333,23465155,5,2926156,0.13681121805049,0.739816883286659,0.123371898662852,8333,27.4,28.4,28.8,27.8,0.121500247275976,0.0945838157637529
"166","2015_10","396,041","248,320",351495,0.272588705647176,1427362.33333333,23480411,0,3202923,0.136371899897089,0.739696353481588,0.123931746621322,16948,25.2,26.8,27.7,26.2,-0.126084297073927,-0.0177937465246589
"167","2015_11","397,359","256,388",307177,0.267705867950706,1427362.33333333,23480411,0,3145931,0.135972881382492,0.739498555450561,0.124528563166947,14388,23.5,25.1,26.2,24.3,-0.102683469139942,0.0453814784876083
"168","2015_12","387,649","236,510",275635,0.270718503937008,1427362.33333333,23480411,0,3288698,0.135695979844096,0.73921591597234,0.125088104183564,16677,18.9,20.5,22.4,19.6,0.20404157672284,-0.0158421357023357
"169","2016_1","426,580","246,037",331876,0.284371566224326,1420177,23494444,0,3236598,0.135389802242656,0.73882247021076,0.125787727546584,16588,16.2,17.3,19.3,16.8,0.0844652822138389,0.0441395564107745
"170","2016_2","414,551","265,692",359908,0.291528369102442,1420177,23494444,0,3379460,0.135177545496891,0.738432438103097,0.126390016400011,9677,15.5,17.4,19.6,16.4,-0.0520855329695367,-0.0103546128671445
"171","2016_3","454,401","288,850",341162,0.29057221190413,1420177,23494444,0,3344467,0.135059976006108,0.738038984265653,0.126901039728239,13181,17.5,19.7,21.6,18.3,0.156723198949473,0.00825064203055375
"172","2016_4","423,931","289,298",394630,0.294216604528508,1382176.66666667,23502588,0,3372061,0.134857207442367,0.73775896614229,0.127383826415342,9135,24,26.3,26.9,24.9,-0.00779464308339457,-0.0157562392851138
"173","2016_5","417,119","265,053",391554,0.298670456629378,1382176.66666667,23502588,0,3318930,0.13469893162885,0.73747358302002,0.12782748535113,15456,27.1,28.4,28.9,27.6,0.049380162123232,0.0197494373186539
"174","2016_6","414,205","277,171",410889,0.307138117357095,1382176.66666667,23502588,12,3384477,0.134518559821395,0.737208317619067,0.128273122559539,10765,29.4,29.4,29.7,28.8,-0.0030300154056205,0.0601369133251607
"175","2016_7","439,767","289,757",409644,0.3089737424257,1427375,23513940,0,3588009,0.134349504034702,0.736935965723642,0.128714530241657,10517,30.3,29.9,30.2,29.4,-0.156928943179932,-0.0235353367285311
"176","2016_8","441,203","280,077",345359,0.311810012836971,1427375,23513940,16,3503564,0.134147566843693,0.736608586161721,0.129243846994586,5671,30.1,29.3,29.4,28.9,0.026818470055797,-0.110560560617702
"177","2016_9","404,728","256,581",354621,0.30883853247008,1427375,23513940,0,3116208,0.133920346496897,0.73619042703171,0.129889226471393,12186,27.8,28,28.4,27.9,NA,NA
